raw_column,column,dtype_raw,dtype_clean,n_missing,pct_missing,role,unit,note
Jaka?,jaka,object,object,151,99.34,clinical,,
Data zatorowości płuc,data_zatorowosci_pluc,object,object,149,98.03,exclude,,
Data zapaenia żył,data_zapaenia_zyl,object,object,149,98.03,exclude,,
Pomosty,pomosty,object,object,149,98.03,clinical,,
Data zaplenie serca,data_zaplenie_serca,object,object,148,97.37,exclude,,
Ile lat? Miażdżyca t. szyjnych,ile_lat_miazdzyca_t_szyjnych,object,object,148,97.37,clinical,,
Ile lat? Miżdżyca kończyn,ile_lat_mizdzyca_konczyn,float64,float64,148,97.37,clinical,,
Data CABG,data_cabg,object,object,147,96.71,exclude,,
Ile lat? CRT-D,ile_lat_crt_d,object,object,141,92.76,exclude,,
Ile lat?.1,ile_lat_1,float64,float64,139,91.45,clinical,,
Daty przeszłych PCI,daty_przeszlych_pci,object,object,138,90.79,exclude,,
Ile lat?.2,ile_lat_2,object,object,137,90.13,exclude,,
DM - ile lat?,dm_ile_lat,object,object,135,88.82,exclude,,
Ile lat nie pali?,ile_lat_nie_pali,object,object,131,86.18,exclude,,
Ilość paczek dziennie,ilosc_paczek_dziennie,object,object,130,85.53,exclude,,
Data przeszłych zawałów,data_przeszlych_zawalow,object,object,130,85.53,exclude,,
Ile lat pali?,ile_lat_pali,float64,float64,129,84.87,clinical,,
CCS,ccs,object,object,128,84.21,clinical,,
DM -leczenie,dm_leczenie,object,object,126,82.89,clinical,,
Rodzaj zaburzeń,rodzaj_zaburzen,object,object,125,82.24,clinical,,
CAD - ile lat?,cad_ile_lat,object,object,122,80.26,exclude,,
Kidnej Failure<15 ml/MIn/m2,kidnej_failure_15_ml_min_m2,object,object,122,80.26,clinical,,
Kidnej insuficiency <60 ml/MIn/m2,kidnej_insuficiency_60_ml_min_m2,object,object,122,80.26,clinical,,
NYHA,nyha,object,object,120,78.95,clinical,,
Data obecnego PCI,data_obecnego_pci,object,object,116,76.32,exclude,,
BMS/DES,bms_des,object,object,113,74.34,clinical,,
PCI naczynie obecne,pci_naczynie_obecne,object,object,113,74.34,exclude,,
Data obecnego zawału,data_obecnego_zawalu,object,object,104,68.42,exclude,,
Ile lat?,ile_lat,object,object,99,65.13,exclude,,
Jaka?.1,jaka_1,object,object,96,63.16,clinical,,
Kwas moczowy,kwas_moczowy,float64,float64,90,59.21,clinical,,
72 kDa pro-MMP-2,72_kda_pro_mmp_2,float64,float64,89,58.55,biomarker,,
AlbumIny [g/L],albuminy_g_l,float64,float64,87,57.24,clinical,,
92 kDa               pro-MMP-9,92_kda_pro_mmp_9,float64,float64,82,53.95,biomarker,,
Rodzeństwo,rodzenstwo,object,object,81,53.29,clinical,,
ARB,arb,object,object,80,52.63,clinical,,
Rodzice,rodzice,object,object,80,52.63,clinical,,
Krwawienie,krwawienie,object,object,78,51.32,clinical,,
Brilique,brilique,object,object,78,51.32,exclude,,
Wyniki FGF23 pg/ml,wyniki_fgf23_pg_ml,float64,float64,75,49.34,biomarker,,
EMMPRIN,emmprin,float64,float64,73,48.03,biomarker,,
Il-6 [pg/ml],il_6_pg_ml,float64,float64,69,45.39,biomarker,,
P-LCR wypis,p_lcr_wypis,float64,float64,68,44.74,exclude,,
PDW wypis,pdw_wypis,float64,float64,68,44.74,exclude,,
MPV wypis,mpv_wypis,float64,float64,68,44.74,exclude,,
PCT wypis,pct_wypis,float64,float64,68,44.74,exclude,,
PLT wypis,plt_wypis,float64,float64,68,44.74,exclude,,
MIlurit/diuretyk,milurit_diuretyk,object,object,68,44.74,exclude,,
Ht wypis,ht_wypis,float64,float64,67,44.08,exclude,,
WBC wypis,wbc_wypis,float64,float64,67,44.08,exclude,,
Hb wypis,hb_wypis,float64,float64,67,44.08,exclude,,
MIażdżyca tętnic szyjnych,miazdzyca_tetnic_szyjnych,object,object,67,44.08,clinical,,
RBC wypis,rbc_wypis,float64,float64,67,44.08,exclude,,
Zatorowość płucna,zatorowosc_plucna,object,object,67,44.08,clinical,,
P-LCR przyjęcie,p_lcr_przyjecie,float64,float64,66,43.42,clinical,,
Statyna,statyna,object,object,66,43.42,exclude,,
Data pobrania,data_pobrania,datetime64[ns],datetime64[ns],66,43.42,exclude,,
 (CAD),cad,object,object,66,43.42,clinical,,
BB,bb,object,object,66,43.42,clinical,,
Frakcja wyrzutowa lewej komory serca (LVEF),frakcja_wyrzutowa_lewej_komory_serca_lvef,float64,float64,66,43.42,exclude,,
Zapalenie MIęśnia serca,zapalenie_miesnia_serca,object,object,66,43.42,clinical,,
Pętlowy,petlowy,object,object,66,43.42,clinical,,
Przewlekła niewydolNość serca (CHF),przewlekla_niewydolnosc_serca_chf,object,object,66,43.42,clinical,,
PCT przyjęcie,pct_przyjecie,float64,float64,66,43.42,clinical,,
PDW przyjęcie,pdw_przyjecie,float64,float64,66,43.42,clinical,,
Zapalenie żył kończyn dolnych/ Zakrzepica,zapalenie_zyl_konczyn_dolnych_zakrzepica,object,object,66,43.42,clinical,,
MIażdżyca kończyn dolnych,miazdzyca_konczyn_dolnych,object,object,66,43.42,clinical,,
MPV przyjęcie,mpv_przyjecie,float64,float64,66,43.42,clinical,,
Zaburzenia rytmu,zaburzenia_rytmu,object,object,65,42.76,clinical,,
ACE-I,ace_i,object,object,65,42.76,clinical,,
ASA,asa,object,object,65,42.76,exclude,,
"Zawał: 0 nigdy, 1 teraz, 2 kiedyś, 3 kiedyś i teraz, a- steMI, b-nsteMI. c- ua",zawal_0_nigdy_1_teraz_2_kiedys_3_kiedys_i_teraz_a_stemi_b_nstemi_c_ua,object,object,65,42.76,exclude,,
Stymulator,stymulator,object,object,65,42.76,clinical,,
Zaburzenia homeostazy glukozy >6,zaburzenia_homeostazy_glukozy_6,object,object,65,42.76,clinical,,
Wrodzona wada serca,wrodzona_wada_serca,object,object,65,42.76,clinical,,
hsCRP max.,hscrp_max,float64,float64,65,42.76,exclude,,
ICD implantable cardioverter defibrillator,icd_implantable_cardioverter_defibrillator,object,object,65,42.76,exclude,,
Hb przyjęcie,hb_przyjecie,float64,float64,65,42.76,clinical,,
GFR MIn.,gfr_min,float64,float64,65,42.76,clinical,,
CRT-D device,crt_d_device,object,object,65,42.76,clinical,,
CRP>5 zapalenie,crp_5_zapalenie,object,object,65,42.76,clinical,,
Cukrzyca  (DM),cukrzyca_dm,object,object,65,42.76,clinical,,
Glukoza max. Mg/dl,glukoza_max_mg_dl,float64,float64,65,42.76,exclude,,
HbA1C,hba1c,float64,float64,65,42.76,clinical,,
Ht przyjęcie,ht_przyjecie,float64,float64,65,42.76,clinical,,
Wyniki Klotho pg/ml,wyniki_klotho_pg_ml,float64,float64,65,42.76,biomarker,,
WBC przyjęcie,wbc_przyjecie,float64,float64,65,42.76,clinical,,
Troponiny max.,troponiny_max,float64,float64,65,42.76,exclude,,
klop,klop,object,object,65,42.76,clinical,,
Przezskórna interwencja wieńcowa (PCI),przezskorna_interwencja_wiencowa_pci,object,object,65,42.76,exclude,,
PLT przyjęcie,plt_przyjecie,float64,float64,65,42.76,clinical,,
NoAC,noac,object,object,65,42.76,clinical,,
Nr na próbce,nr_na_probce,object,object,65,42.76,id,,
Nabyta wada serca,nabyta_wada_serca,object,object,65,42.76,clinical,,
Leukocytoza przyjęcie >10000,leukocytoza_przyjecie_10000,object,object,65,42.76,clinical,,
Nadciśnienie tętnicze (NT),nadcisnienie_tetnicze_nt,object,object,65,42.76,clinical,,
RBC przyjęcie,rbc_przyjecie,float64,float64,65,42.76,clinical,,
Pomostowanie aortalNo-wieńcowe (CABG),pomostowanie_aortalno_wiencowe_cabg,object,object,65,42.76,exclude,,
BMI,bmi,float64,float64,7,4.61,clinical,,
Obwód bioder,obwod_bioder,float64,float64,7,4.61,clinical,,
Waga      (kg),waga_kg,float64,float64,7,4.61,clinical,,
Otyłość BMI >30,otylosc_bmi_30,object,object,7,4.61,clinical,,
TNFalfa [pg/ml],tnfalfa_pg_ml,float64,float64,4,2.63,clinical,,
Trijglicerydy (TG),trijglicerydy_tg,float64,float64,3,1.97,clinical,,
LDL,ldl,float64,float64,3,1.97,biomarker,,
Cholesterol całkowity (TC),cholesterol_calkowity_tc,float64,float64,2,1.32,biomarker,,
NoN-HDL(całkowity -hdl,non_hdl_calkowity_hdl,float64,float64,2,1.32,biomarker,,
HDL,hdl,float64,float64,2,1.32,biomarker,,
Czy pali?,czy_pali,object,object,1,0.66,clinical,,
Wzrost (cm),wzrost_cm,float64,float64,1,0.66,clinical,,
Data urodzenia,data_urodzenia,datetime64[ns],datetime64[ns],0,0.0,exclude,,
Internal ID,internal_id,object,object,0,0.0,id,,
Nr pacjenta,nr_pacjenta,int64,int64,0,0.0,id,,
Patient ID,patient_id,object,object,0,0.0,id,,
Płeć,plec,object,object,0,0.0,clinical,,
Wiek w momencie zbiórki,wiek_w_momencie_zbiorki,int64,int64,0,0.0,clinical,,
Typ zawału,typ_zawalu,object,object,0,0.0,target,,
